mouse,headset,keyboard,speaker,cpu
mouse,keyboard,monitor,cpu,ram
keyboard,headset,cpu,ram,monitor,ram,mouse,speaker
cpu,ram,mouse
speaker,headset,cpu,ram
mouse,headset,monitor,ram,cpu
mouse,cpu,speaker,keyboard
mouse,headset,keyboard,speaker,cpu
cpu,ram
keyboard,headset,cpu,ram,monitor,ram,mouse,speaker
cpu,keyboard,headset,monitor
mouse,monitor,ram,cpu
keyboard,headset,cpu,ram,monitor,ram,mouse,speaker
mouse,headset,keyboard,speaker,cpu
speaker,headset,cpu,ram
mouse,cpu,keyboard,speaker
mouse,headset,keyboard,speaker,cpu
mouse,headset,speaker,cpu
mouse,headset,keyboard,speaker
keyboard,headset,cpu,monitor,ram,mouse,speaker
keyboard,cpu,ram,monitor,ram,mouse,speaker
cpu,mouse
cpu,keyboard,headset,monitor
mouse,monitor,ram,cpu
mouse,headset,keyboard,speaker,cpu
mouse,monitor,ram,cpu
keyboard,headset,cpu,ram,monitor,ram,mouse,speaker
cpu,keyboard,headset,monitor
keyboard,headset,cpu,ram,monitor,ram,mouse,speaker
speaker,headset,cpu,ram
cpu,keyboard,headset,monitor
keyboard,headset,cpu,ram,monitor,ram,mouse,speaker
mouse,headset,keyboard,speaker,cpu
cpu,keyboard,headset,monitor
mouse,headset,keyboard,speaker,cpu
cpu,keyboard,headset,monitor
keyboard,headset,cpu,ram,monitor,ram,mouse,speaker
mouse,headset,keyboard,speaker,cpu
mouse,headset,keyboard,speaker,cpu
keyboard,headset,cpu,ram,monitor,ram,mouse,speaker
